City_ID,City,Country,Lat,Lng,Max Temp,Humidity,Cloudiness,Wind Speed,Current Description
0,Bredasdorp,ZA,-34.5322,20.0403,66.2,72,75,10.36,broken clouds
1,Rikitea,PF,-23.1203,-134.9692,79.29,73,5,12.08,clear sky
2,Albany,US,42.6001,-73.9662,34.0,65,100,7.0,overcast clouds
3,Maniitsoq,GL,65.4167,-52.9,2.62,81,7,6.11,clear sky
4,Hervey Bay,AU,-25.2986,152.8535,75.0,81,25,8.01,scattered clouds
5,Kardailovo,RU,51.5386,53.9042,-7.38,87,100,6.73,overcast clouds
6,Brandfort,ZA,-28.7001,26.4597,59.0,82,0,5.75,clear sky
7,Lebu,CL,-37.6167,-73.65,57.54,75,0,12.62,clear sky
8,Pimentel,PE,-6.8367,-79.9342,78.8,57,0,24.16,clear sky
9,Atuona,PF,-9.8,-139.0333,79.27,78,21,14.56,few clouds
10,Launceston,AU,-41.45,147.1667,68.0,63,40,5.75,scattered clouds
11,Olinda,BR,-8.0089,-34.8553,80.6,69,40,10.36,scattered clouds
12,Jamestown,US,42.097,-79.2353,18.0,86,90,14.97,mist
13,Dauphin,CA,51.1494,-100.0502,1.4,60,1,3.44,clear sky
14,Hilo,US,19.7297,-155.09,80.6,61,90,12.66,overcast clouds
15,Georgetown,MY,5.4112,100.3354,79.0,83,20,6.69,few clouds
16,Takoradi,GH,4.8845,-1.7554,80.82,84,93,7.36,overcast clouds
17,Tacotalpa,MX,17.6,-92.8167,78.8,69,75,4.61,haze
18,Busselton,AU,-33.65,115.3333,60.01,98,0,6.08,clear sky
19,Dalianwan,CN,39.0286,121.695,14.0,57,40,13.42,scattered clouds
20,Provideniya,RU,64.3833,-173.3,-0.4,65,0,29.08,clear sky
21,Saint George,US,37.1041,-113.5841,55.0,22,75,9.22,broken clouds
22,Sitka,US,57.0531,-135.33,37.4,87,90,4.99,mist
23,Mahebourg,MU,-20.4081,57.7,77.0,94,20,3.44,few clouds
24,Port Elizabeth,ZA,-33.918,25.5701,66.2,68,0,11.5,clear sky
25,Coquimbo,CL,-29.9533,-71.3436,66.2,63,0,9.22,clear sky
26,Yulara,AU,-25.2406,130.9889,84.2,24,0,14.97,clear sky
27,Ngama,TD,11.7833,17.1667,69.8,23,0,12.84,clear sky
28,Thompson,CA,55.7435,-97.8558,3.2,66,20,4.61,few clouds
29,Akyab,MM,20.15,92.9,62.85,75,0,7.11,clear sky
30,Avarua,CK,-21.2078,-159.775,84.2,79,20,8.05,few clouds
31,Ushuaia,AR,-54.8,-68.3,55.4,67,75,5.75,light rain
32,Punta Arenas,CL,-53.15,-70.9167,59.0,58,0,5.75,clear sky
33,Kamaishi,JP,39.2667,141.8833,26.6,93,75,11.5,light snow
34,Mabaruma,GY,8.2,-59.7833,73.62,80,97,4.83,overcast clouds
35,San Patricio,US,28.017,-97.5169,35.6,80,90,16.11,light intensity drizzle
36,Souillac,MU,-20.5167,57.5167,77.0,94,20,3.44,few clouds
37,East London,ZA,-33.0153,27.9116,65.88,69,58,7.87,broken clouds
38,Saint-Joseph,RE,-21.3667,55.6167,78.8,73,90,5.75,overcast clouds
39,Marfino,RU,55.7028,37.3822,10.4,79,20,8.95,snow
40,Hobart,AU,-42.8794,147.3294,71.01,52,20,12.66,few clouds
41,Loikaw,MM,19.6742,97.2094,58.21,53,0,2.26,clear sky
42,Berdigestyakh,RU,62.0989,126.6992,-32.15,83,21,2.86,few clouds
43,Mataura,NZ,-46.1927,168.8643,57.99,61,12,3.0,few clouds
44,Basco,PH,20.4487,121.9702,72.7,71,77,13.09,broken clouds
45,Tuktoyaktuk,CA,69.4541,-133.0374,-20.2,76,75,9.22,light snow
46,Mastung,PK,29.7994,66.845,41.99,49,0,0.6,clear sky
47,Guerrero Negro,MX,27.9769,-114.0611,62.33,63,98,19.51,overcast clouds
48,Qaanaaq,GL,77.484,-69.3632,-7.76,87,99,4.05,overcast clouds
49,Vaini,TO,-21.2,-175.2,86.0,70,20,8.05,few clouds
50,Kapaa,US,22.0752,-159.319,78.8,73,40,5.75,light rain
51,Puerto Narino,CO,-3.7703,-70.3831,77.81,91,97,0.85,moderate rain
52,Mar Del Plata,AR,-38.0023,-57.5575,66.99,88,90,6.91,overcast clouds
53,Calvinia,ZA,-31.4707,19.776,63.73,32,0,7.52,clear sky
54,Tigil,RU,57.8,158.6667,8.62,91,0,6.78,clear sky
55,Alta Floresta,BR,-9.8756,-56.0861,72.0,97,99,1.68,overcast clouds
56,Tiznit,MA,29.5833,-9.5,58.24,38,0,6.33,clear sky
57,Emerald,AU,-23.5333,148.1667,80.6,54,0,8.05,clear sky
58,Ocos,GT,14.5094,-92.1933,87.8,65,1,11.5,clear sky
59,Nanortalik,GL,60.1432,-45.2371,17.1,86,98,25.3,overcast clouds
60,Peniche,PT,39.3558,-9.3811,57.99,89,100,5.01,overcast clouds
61,Butaritari,KI,3.0707,172.7902,81.34,82,3,20.0,clear sky
62,Margate,GB,51.3813,1.3862,46.99,81,18,4.0,few clouds
63,Sibolga,ID,1.7427,98.7792,76.62,77,5,4.14,clear sky
64,Urozhaynoye,RU,44.7883,44.9228,19.69,96,100,10.8,overcast clouds
65,Bratsk,RU,56.1325,101.6142,12.2,85,75,8.95,snow
66,Cape Town,ZA,-33.9258,18.4232,66.99,68,0,5.75,clear sky
67,Diffa,NE,13.3154,12.6113,68.32,24,0,10.42,clear sky
68,Chokurdakh,RU,70.6333,147.9167,-16.33,89,96,1.88,overcast clouds
69,Vila Franca Do Campo,PT,37.7167,-25.4333,57.99,72,20,11.5,few clouds
70,Sala,MA,34.0389,-6.8166,59.0,100,75,2.39,mist
71,Constitucion,CL,-35.3333,-72.4167,58.12,79,67,9.6,broken clouds
72,Hualmay,PE,-11.0964,-77.6139,75.43,66,11,8.72,few clouds
73,Petropavlovsk-Kamchatskiy,RU,53.0452,158.6483,21.2,73,75,6.71,snow
74,Bell Ville,AR,-32.6259,-62.6887,70.0,70,0,7.29,clear sky
75,Cidreira,BR,-30.1811,-50.2056,73.24,82,3,7.09,clear sky
76,Sept-Iles,CA,50.2001,-66.3821,15.01,62,90,6.91,light snow
77,Mangai,CD,-4.05,19.5333,72.99,85,100,1.52,overcast clouds
78,New Norfolk,AU,-42.7826,147.0587,71.01,55,7,1.01,clear sky
79,Shakhtinsk,KZ,49.71,72.5872,26.6,93,90,4.47,light snow
80,Chicama,PE,-7.8447,-79.1469,73.4,78,0,10.36,clear sky
81,Mount Gambier,AU,-37.8333,140.7667,82.4,34,18,13.8,few clouds
82,Dustlik,UZ,40.5247,68.0358,53.67,38,0,12.84,clear sky
83,Barrow,US,71.2906,-156.7887,-14.8,70,40,10.36,haze
84,Gberia Fotombu,SL,9.8833,-11.1667,76.66,68,100,4.76,light rain
85,Ribeirao Bonito,BR,-22.0667,-48.1761,71.51,85,3,2.44,clear sky
86,Hermanus,ZA,-34.4187,19.2345,64.99,77,23,8.01,few clouds
87,Dwarka,IN,22.2394,68.9678,70.43,83,0,13.24,clear sky
88,Abu Samrah,SY,35.3029,37.1841,45.97,79,83,23.33,broken clouds
89,Byron Bay,AU,-28.65,153.6167,75.2,69,40,18.41,light rain
90,Bud,US,39.447,-86.1758,17.01,78,100,6.11,overcast clouds
91,The Pas,CA,53.8251,-101.2541,1.4,51,1,10.36,clear sky
92,Nikolskoye,RU,59.7035,30.7861,12.2,79,75,13.42,snow
93,Tuatapere,NZ,-46.1333,167.6833,57.99,61,0,3.0,clear sky
94,Pevek,RU,69.7008,170.3133,-22.56,88,5,3.62,clear sky
95,Codrington,AU,-38.2667,141.9667,82.76,38,2,7.85,clear sky
96,Opuwo,NA,-18.0607,13.84,71.69,44,13,4.52,few clouds
97,Santa Fe,AR,-31.6333,-60.7,78.01,52,0,1.99,clear sky
98,Bethel,US,41.3712,-73.414,42.8,52,75,13.8,broken clouds
99,Sobolevo,RU,54.4299,31.8996,12.49,96,100,11.92,snow
100,Komsomolskiy,UZ,40.4272,71.7189,44.6,33,0,2.3,clear sky
101,Jiwani,PK,25.05,61.7417,69.06,73,0,6.55,clear sky
102,Airai,TL,-8.9266,125.4092,62.98,100,100,2.06,overcast clouds
103,Gizo,SB,-8.103,156.8419,84.99,72,95,8.43,overcast clouds
104,Divo,CI,5.8397,-5.36,75.02,94,99,2.59,overcast clouds
105,Sabha,LY,27.0377,14.4283,41.14,68,0,7.78,clear sky
106,Manggar,ID,-2.8833,108.2667,77.41,82,54,10.87,broken clouds
107,Arraial Do Cabo,BR,-22.9661,-42.0278,76.68,89,0,6.69,clear sky
108,Ribeira Grande,PT,38.5167,-28.7,58.91,74,100,18.7,overcast clouds
109,Wahpeton,US,46.2652,-96.6059,-0.4,55,1,8.05,clear sky
110,Tamiahua,MX,21.2667,-97.45,58.05,83,86,7.02,overcast clouds
111,Severo-Kurilsk,RU,50.6789,156.125,32.16,96,100,15.61,snow
112,Narsaq,GL,60.9167,-46.05,17.6,53,90,5.75,overcast clouds
113,Nouadhibou,MR,20.931,-17.0347,69.8,46,0,12.66,dust
114,Sur,OM,22.5667,59.5289,69.42,66,0,8.3,clear sky
115,Semey,KZ,50.4111,80.2275,25.3,94,76,8.93,broken clouds
116,Puerto Colombia,CO,10.9878,-74.9547,84.2,70,0,13.8,clear sky
117,Castro,BR,-24.7911,-50.0119,64.92,85,22,6.22,few clouds
118,Matagami,CA,49.7502,-77.6328,-0.4,92,100,7.92,overcast clouds
119,Berbera,SO,10.4396,45.0143,74.25,78,36,2.06,scattered clouds
120,Pangnirtung,CA,66.1451,-65.7125,-13.0,77,20,2.73,few clouds
121,Makinsk,KZ,52.6292,70.4169,-7.44,90,99,7.29,overcast clouds
122,Anadyr,RU,64.75,177.4833,-20.0,76,0,11.18,clear sky
123,Aklavik,CA,68.2191,-135.0107,-16.6,69,40,8.05,scattered clouds
124,Berlevag,NO,70.8578,29.0864,15.8,67,0,3.44,clear sky
125,Dikson,RU,73.5069,80.5464,-28.3,86,95,11.03,overcast clouds
126,Kavaratti,IN,10.5669,72.642,80.83,62,14,7.81,few clouds
127,Ahipara,NZ,-35.1667,173.1667,74.59,55,57,8.16,broken clouds
128,Yar-Sale,RU,66.8333,70.8333,-15.72,88,95,11.86,overcast clouds
129,Tasiilaq,GL,65.6145,-37.6368,32.0,86,75,19.57,snow
130,Fonte Boa,BR,-2.4959,-66.2662,79.48,71,91,2.21,overcast clouds
131,La Ronge,CA,55.1001,-105.2842,-4.0,59,91,4.61,overcast clouds
132,Yellowknife,CA,62.456,-114.3525,-14.01,76,75,5.75,broken clouds
133,Bluff,NZ,-46.6,168.3333,60.01,62,16,1.01,few clouds
134,Bengkulu,ID,-3.8004,102.2655,76.91,83,100,4.0,overcast clouds
135,Tambura,SS,5.6,27.4667,76.05,27,98,4.14,overcast clouds
136,Sao Joao Da Barra,BR,-21.6403,-41.0511,76.68,89,0,13.35,clear sky
137,Cardoso,BR,-20.0819,-49.9142,75.99,84,65,4.32,broken clouds
138,Vanimo,PG,-2.6741,141.3028,80.29,82,100,1.97,overcast clouds
139,Oranjemund,NA,-28.55,16.4333,63.39,73,0,2.68,clear sky
140,Palestine,PS,31.9216,35.2033,48.2,93,75,11.5,broken clouds
141,Chuy,UY,-33.6971,-53.4616,66.85,92,13,5.97,few clouds
142,Aripuana,BR,-9.1667,-60.6333,75.11,96,91,1.34,overcast clouds
143,Khatanga,RU,71.9667,102.5,-23.13,80,80,8.57,broken clouds
144,Luderitz,NA,-26.6481,15.1594,64.29,71,0,4.74,clear sky
145,Saskylakh,RU,71.9167,114.0833,-20.92,84,87,14.41,overcast clouds
146,Taraz,KZ,42.9,71.3667,33.8,69,19,8.95,few clouds
147,Nicolas Bravo,MX,18.45,-88.9167,80.6,74,75,3.83,broken clouds
148,Flinders,AU,-34.5833,150.8552,72.0,77,75,6.91,broken clouds
149,Tiksi,RU,71.6872,128.8694,-23.33,83,48,2.89,scattered clouds
150,Laguna,US,38.421,-121.4238,63.0,41,1,9.22,clear sky
151,Saint-Pierre,RE,-21.3393,55.4781,78.8,73,90,5.75,overcast clouds
152,Sokone,SN,13.8833,-16.3667,84.2,32,0,6.91,clear sky
153,Klaksvik,FO,62.2266,-6.589,44.6,93,75,17.27,broken clouds
154,Ponta Do Sol,PT,32.6667,-17.1,64.99,45,20,6.91,few clouds
155,Samarkand,UZ,39.6542,66.9597,50.0,40,0,6.91,clear sky
156,Kenai,US,60.5544,-151.2583,28.4,86,90,6.91,light snow
157,Lorengau,PG,-2.0226,147.2712,83.14,72,99,9.08,overcast clouds
158,Coahuayana,MX,18.7333,-103.6833,75.2,53,1,11.5,clear sky
159,Mirnyy,RU,62.5353,113.9611,-27.0,84,43,5.57,scattered clouds
160,Iqaluit,CA,63.7506,-68.5145,-9.4,64,1,13.8,clear sky
161,Lavumisa,SZ,-27.31,31.892,69.8,73,94,9.22,overcast clouds
162,Urumqi,CN,43.801,87.6005,14.0,92,90,4.47,light snow
163,Umm Lajj,SA,25.0213,37.2685,67.44,72,66,26.89,broken clouds
164,Miandrivazo,MG,-19.5167,45.4667,76.33,82,100,3.87,overcast clouds
165,Carutapera,BR,-1.195,-46.02,75.04,93,100,4.36,light rain
166,Shu,KZ,43.5983,73.7614,35.01,87,5,1.99,clear sky
167,Beloha,MG,-25.1667,45.05,74.3,82,73,10.71,broken clouds
168,Northam,GB,51.0333,-4.2167,48.99,90,53,10.0,broken clouds
169,Bereda,ES,43.2686,-7.5406,46.0,85,76,5.01,broken clouds
170,Bathsheba,BB,13.2167,-59.5167,78.8,61,40,18.41,scattered clouds
171,Cherskiy,RU,68.75,161.3,-21.8,86,5,1.14,clear sky
172,Acapulco,MX,16.8634,-99.8901,80.6,61,75,8.05,broken clouds
173,Antofagasta,CL,-23.65,-70.4,68.0,68,0,13.8,clear sky
174,Harper,LR,4.375,-7.7169,79.21,84,100,4.97,overcast clouds
175,Rawson,AR,-43.3002,-65.1023,71.73,41,0,20.31,clear sky
176,Olafsvik,IS,64.8945,-23.7142,38.57,78,100,10.56,overcast clouds
177,Naze,JP,28.3667,129.4833,55.4,54,75,9.22,heavy intensity rain
178,Bonthe,SL,7.5264,-12.505,79.27,84,77,6.76,broken clouds
179,Bairiki,KI,1.3292,172.9752,82.4,83,40,10.36,scattered clouds
180,Clyde River,CA,70.4692,-68.5914,-25.6,75,1,2.3,clear sky
181,Mount Isa,AU,-20.7333,139.5,80.6,69,75,12.66,broken clouds
182,Pisco,PE,-13.7,-76.2167,75.2,69,0,11.5,clear sky
183,Koksovyy,RU,48.1967,40.5989,17.44,88,66,7.85,snow
184,Bontang,ID,0.1333,117.5,78.44,85,100,6.49,overcast clouds
185,Caraquet,CA,47.7941,-64.9386,17.6,86,100,11.5,snow
186,Pacific Grove,US,36.6177,-121.9166,55.4,71,40,16.11,scattered clouds
187,Biak,ID,-0.9131,122.8766,81.63,67,94,1.3,overcast clouds
188,Partizanskoye,RU,55.5006,94.39,33.35,91,100,16.73,overcast clouds
189,Alugan,PH,12.2188,125.4808,78.42,87,100,11.39,overcast clouds
190,Gamba,GA,-2.65,10.0,78.93,86,71,5.32,broken clouds
191,La Tuque,CA,47.4334,-72.7824,17.6,93,100,3.44,snow
192,Port Alfred,ZA,-33.5906,26.891,63.18,74,43,11.16,scattered clouds
193,Pocone,BR,-16.2567,-56.6228,75.81,88,86,3.67,moderate rain
194,Los Llanos De Aridane,ES,28.6585,-17.9182,64.4,59,8,8.05,clear sky
195,Sumbe,AO,-11.2061,13.8437,78.51,77,66,3.69,broken clouds
196,Hithadhoo,MV,-0.6,73.0833,81.32,72,99,3.06,overcast clouds
197,Kutum,SD,14.2,24.6667,55.98,38,20,22.86,few clouds
198,Puksoozero,RU,62.5903,40.6066,-17.97,88,95,5.17,overcast clouds
199,Miri,MY,4.4148,114.0089,77.0,94,40,3.44,scattered clouds
200,Ridgecrest,US,35.6225,-117.6709,68.0,13,20,5.06,few clouds
201,Kodiak,US,57.79,-152.4072,39.2,75,90,10.36,overcast clouds
202,Kavieng,PG,-2.5744,150.7967,83.53,75,8,14.36,light rain
203,Moyo,UG,3.6609,31.7247,78.31,34,100,3.62,overcast clouds
204,Mayumba,GA,-3.432,10.6554,79.5,84,81,4.54,broken clouds
205,Haicheng,CN,40.8516,122.7475,3.43,74,0,14.34,clear sky
206,Tessalit,ML,20.1986,1.0114,69.69,24,0,27.2,clear sky
207,Namatanai,PG,-3.6667,152.4333,84.67,71,15,12.35,light rain
208,Sri Aman,MY,1.2376,111.4621,73.4,94,100,0.49,overcast clouds
209,Puerto Ayora,EC,-0.7393,-90.3518,80.6,78,75,13.8,light rain
210,Hofn,IS,64.2539,-15.2082,40.42,86,100,16.51,overcast clouds
211,Mount Pleasant,US,32.7941,-79.8626,57.99,44,1,4.61,clear sky
212,Batagay,RU,67.6333,134.6333,-26.09,83,96,1.36,overcast clouds
213,Hecun,CN,36.5333,114.1111,25.03,57,0,5.08,clear sky
214,Baglan,AF,36.1307,68.7083,50.0,44,0,1.19,clear sky
215,Upernavik,GL,72.7868,-56.1549,-4.65,90,99,3.62,overcast clouds
216,Anjiang,CN,27.3194,110.1031,46.22,87,0,1.61,clear sky
217,Saint-Philippe,RE,-21.3585,55.7679,78.8,73,90,5.75,overcast clouds
218,Nome,US,64.5011,-165.4064,6.8,56,1,16.11,clear sky
219,Cavalcante,BR,-13.7975,-47.4583,68.79,92,100,1.81,overcast clouds
220,Camacha,PT,33.0833,-16.3333,60.8,100,20,5.75,few clouds
221,Kodinsk,RU,58.6881,99.1844,18.09,96,100,4.03,light snow
222,Raudeberg,NO,61.9875,5.1352,42.01,71,100,14.34,overcast clouds
223,Biloela,AU,-24.4167,150.5,81.79,47,0,12.88,clear sky
224,Faanui,PF,-16.4833,-151.75,82.29,65,1,8.3,clear sky
225,Eureka,US,40.8021,-124.1637,55.0,78,61,8.99,broken clouds
226,Springdale,US,36.1867,-94.1288,19.99,62,90,5.75,overcast clouds
227,Lompoc,US,34.6391,-120.4579,57.2,62,1,24.16,clear sky
228,Yantzaza,EC,-3.8278,-78.7594,70.74,81,77,1.74,light rain
229,Banjar,ID,-8.19,114.9675,80.6,89,40,9.22,scattered clouds
230,Pangody,RU,65.85,74.4859,-23.66,87,99,8.14,overcast clouds
231,Puerto Escondido,MX,15.85,-97.0667,78.8,83,1,8.05,clear sky
232,Sapernoye,RU,60.7167,29.9505,10.0,95,100,5.91,overcast clouds
233,Piacabucu,BR,-10.4056,-36.4344,79.92,80,100,15.46,overcast clouds
234,Beringovskiy,RU,63.05,179.3167,-11.58,87,49,14.99,scattered clouds
235,Pemangkat,ID,1.1667,108.9667,76.26,80,67,6.6,broken clouds
236,Kibondo,TZ,-3.5864,30.7203,60.55,99,100,2.1,overcast clouds
237,Baykit,RU,61.67,96.37,-10.05,86,98,1.05,overcast clouds
238,Hami,CN,42.8,93.45,31.3,78,0,2.62,clear sky
239,Muroto,JP,33.2833,134.15,41.0,56,40,19.57,scattered clouds
240,Bilma,NE,18.6853,12.9164,54.12,41,0,14.29,clear sky
241,Hasaki,JP,35.7333,140.8333,50.0,43,20,17.27,few clouds
242,Biltine,TD,14.5333,20.9167,62.02,31,26,15.75,scattered clouds
243,Antalaha,MG,-14.9003,50.2788,76.96,91,99,3.18,light rain
244,Red Bluff,US,40.1785,-122.2358,62.6,29,1,13.8,clear sky
245,Victoria Falls,ZW,-17.9235,25.843,67.77,96,100,3.42,moderate rain
246,Maldonado,UY,-34.6667,-54.9167,69.8,88,75,6.91,broken clouds
247,Broken Hill,AU,-31.95,141.4333,82.4,34,60,17.27,broken clouds
248,Peterborough,GB,52.5736,-0.2478,44.01,93,3,10.36,clear sky
249,Hit,IQ,33.6416,42.8251,63.41,52,67,3.78,broken clouds
250,Kruisfontein,ZA,-34.0033,24.7314,62.01,78,0,3.0,clear sky
251,Longyearbyen,SJ,78.2186,15.6401,35.6,80,75,8.05,light snow
252,Kosino,RU,58.4127,51.2782,-12.21,90,90,5.53,light snow
253,Adre,TD,13.4667,22.2,63.7,28,14,21.36,few clouds
254,Ostrovnoy,RU,68.0531,39.5131,0.61,90,79,10.85,broken clouds
255,Trelew,AR,-43.249,-65.3051,76.51,28,0,20.74,clear sky
256,Lagoa,PT,39.05,-27.9833,57.87,78,100,20.54,overcast clouds
257,Fairbanks,US,64.8378,-147.7164,12.99,85,90,1.12,mist
258,College,US,64.8569,-147.8028,12.99,79,90,1.01,light snow
259,Ilulissat,GL,69.2167,-51.1,3.2,66,90,8.05,overcast clouds
260,Saint-Quentin,FR,49.8333,3.3333,42.8,93,75,8.05,broken clouds
261,Port Blair,IN,11.6667,92.75,76.26,76,0,9.08,clear sky
262,Hammerfest,NO,70.6634,23.6821,14.0,79,0,3.44,clear sky
263,Taoudenni,ML,22.6783,-3.9836,68.36,24,82,26.17,broken clouds
264,Rabo De Peixe,PT,37.8,-25.5833,57.99,72,20,11.5,few clouds
265,Srivardhan,IN,18.0333,73.0167,70.18,83,0,7.52,clear sky
266,Cacoal,BR,-11.4386,-61.4472,74.68,92,23,1.23,few clouds
267,Husavik,IS,66.0449,-17.3389,35.6,87,75,1.14,broken clouds
268,Churapcha,RU,62.0025,132.4325,-31.09,84,16,3.2,few clouds
269,Sokoto,NG,13.0609,5.239,74.5,19,20,19.35,few clouds
270,Picton,AU,-34.1833,150.6,72.0,79,56,1.01,broken clouds
271,Tefe,BR,-3.3542,-64.7114,84.2,70,20,2.3,light rain
272,Grindavik,IS,63.8424,-22.4338,35.6,100,75,12.66,broken clouds
273,Jinchang,CN,38.4953,102.1739,29.97,74,62,3.13,broken clouds
274,Gat,IL,31.61,34.7642,48.0,100,93,1.01,overcast clouds
275,Alofi,NU,-19.0595,-169.9187,84.2,74,75,6.91,broken clouds
276,Tucuman,AR,-26.8241,-65.2226,78.8,73,0,3.44,clear sky
277,Kunya,NG,12.2233,8.5325,71.6,21,0,8.05,clear sky
278,Honiara,SB,-9.4333,159.95,86.94,65,92,2.51,overcast clouds
279,Wukari,NG,7.85,9.7833,81.45,14,1,9.04,clear sky
280,Tonantins,BR,-2.8731,-67.8022,79.09,80,100,1.05,overcast clouds
281,Kenora,CA,49.8167,-94.4337,1.4,42,1,5.75,clear sky
282,Carnarvon,AU,-24.8667,113.6333,77.0,100,90,18.41,overcast clouds
283,Oliver,CA,49.1831,-119.5524,32.0,64,100,5.75,overcast clouds
284,Maraa,BR,-1.8333,-65.3667,78.93,71,61,2.53,broken clouds
285,Ngorongoro,TZ,-3.2397,35.4875,52.2,99,67,2.66,broken clouds
286,Sao Felix Do Xingu,BR,-6.6447,-51.995,73.27,95,100,1.72,moderate rain
287,Winona,US,43.9666,-91.7668,14.0,57,1,3.44,clear sky
288,Te Anau,NZ,-45.4167,167.7167,59.97,45,6,2.75,clear sky
289,Madimba,TZ,-10.4,40.3333,80.31,80,87,13.0,overcast clouds
290,Abu Dhabi,AE,24.4667,54.3667,66.2,88,0,2.3,clear sky
291,Gaoua,BF,10.2992,-3.2508,82.6,38,84,4.21,broken clouds
292,Khovu-Aksy,RU,51.1333,93.6,7.99,83,63,7.07,broken clouds
293,Pierre,US,44.3683,-100.351,6.8,56,90,14.97,overcast clouds
294,Norman Wells,CA,65.282,-126.8329,-11.2,77,75,4.61,broken clouds
295,Havoysund,NO,70.9963,24.6622,14.0,79,0,3.44,clear sky
296,Dunedin,NZ,-45.8742,170.5036,57.0,67,0,8.01,clear sky
297,Gobabis,NA,-22.45,18.9667,69.01,27,100,6.82,overcast clouds
298,Paamiut,GL,61.994,-49.6678,8.69,84,24,17.47,few clouds
299,Riyadh,SA,24.6877,46.7219,68.0,22,0,9.22,clear sky
300,Southbridge,US,42.0751,-72.0334,42.01,86,90,3.0,overcast clouds
301,Port Townsend,US,48.117,-122.7605,48.99,66,20,11.5,few clouds
302,Darhan,MN,49.4867,105.9228,0.91,88,0,5.66,clear sky
303,Shemonaikha,KZ,50.6328,81.9056,19.31,91,80,7.18,broken clouds
304,Ambovombe,MG,-25.1667,46.0833,75.31,79,83,3.74,broken clouds
305,Gumdag,TM,39.2061,54.5906,53.08,53,0,4.61,clear sky
306,Cabo San Lucas,MX,22.8909,-109.9124,75.99,59,1,20.71,clear sky
307,Sotouboua,TG,8.5667,0.9833,79.81,50,15,4.52,few clouds
308,Clemencia,CO,10.5665,-75.325,84.2,74,75,5.75,broken clouds
309,Urucara,BR,-2.5364,-57.76,75.96,92,60,1.99,broken clouds
310,Chulman,RU,56.8479,124.9104,-32.04,82,12,1.1,few clouds
311,Novopokrovka,UA,49.8425,36.5477,1.4,85,60,1.74,mist
312,Salta,AR,-24.7859,-65.4117,64.4,88,90,4.61,light intensity drizzle
313,Hamilton,US,39.1834,-84.5333,19.4,63,75,10.36,broken clouds
314,San Quintin,MX,30.4833,-115.95,59.38,75,86,19.06,overcast clouds
315,Shishou,CN,29.7226,112.419,49.1,68,0,2.89,clear sky
316,Muhos,FI,64.808,25.9931,-5.8,84,0,4.61,clear sky
317,Padang,ID,-0.9492,100.3543,71.6,94,20,2.3,few clouds
318,Khasan,RU,42.4308,130.6434,7.48,86,100,31.9,overcast clouds
319,Hambantota,LK,6.1241,81.1185,74.05,82,4,11.45,clear sky
320,Vao,NC,-22.6667,167.4833,81.28,82,60,7.72,broken clouds
321,Portland,US,45.5234,-122.6762,51.01,66,75,6.91,broken clouds
322,Benito Juarez,MX,19.385,-99.165,73.4,10,75,11.5,broken clouds
323,Geraldton,AU,-28.7667,114.6,71.6,88,90,6.91,overcast clouds
324,Khorixas,NA,-20.3667,14.9667,74.39,37,61,1.57,broken clouds
325,Gbadolite,CD,4.2833,21.0167,80.24,43,100,4.56,overcast clouds
326,Abha,SA,18.2164,42.5053,62.6,36,0,3.47,clear sky
327,Virginia Beach,US,36.8529,-75.978,57.0,71,0,17.09,clear sky
328,Purpe,RU,64.4803,76.6897,-23.21,87,90,10.02,overcast clouds
329,Mana,GF,5.6592,-53.7767,75.76,76,63,10.8,broken clouds
330,Tipp City,US,39.9584,-84.1722,17.6,57,40,8.05,scattered clouds
331,Katsuura,JP,35.1333,140.3,50.0,41,14,13.0,few clouds
332,Salinas,US,36.6777,-121.6555,57.2,58,1,12.66,clear sky
333,Micheweni,TZ,-4.9667,39.8333,78.93,81,100,10.13,overcast clouds
334,Razole,IN,16.4833,81.8333,66.52,93,0,2.24,clear sky
335,Tarakan,ID,3.3,117.6333,77.0,94,40,3.44,scattered clouds
336,Mehamn,NO,71.0357,27.8492,16.9,87,87,7.49,overcast clouds
337,Moron,AR,-34.6534,-58.6198,73.99,69,22,1.01,few clouds
338,Alice Springs,AU,-23.7,133.8833,87.01,34,33,3.44,scattered clouds
339,Tignere,CM,7.3667,12.65,63.41,26,0,4.18,clear sky
340,Ariquemes,BR,-9.9133,-63.0408,75.04,95,98,0.74,overcast clouds
341,Saldanha,ZA,-33.0117,17.9442,64.4,68,0,2.3,clear sky
342,Taltal,CL,-25.4,-70.4833,65.95,75,9,5.17,clear sky
343,Sembe,CG,1.6481,14.5806,75.16,78,62,5.28,broken clouds
344,San Ignacio,BZ,17.1561,-89.0714,84.2,61,0,4.61,clear sky
345,Marsa Matruh,EG,31.3525,27.2453,46.4,66,40,21.85,scattered clouds
346,Cayenne,GF,4.9333,-52.3333,77.0,78,0,4.61,clear sky
347,Grand Gaube,MU,-20.0064,57.6608,78.01,88,95,1.99,overcast clouds
348,Grootfontein,NA,-19.5667,18.1167,66.58,50,66,7.56,broken clouds
349,Muravlenko,RU,63.7898,74.523,-29.61,85,30,8.97,scattered clouds
350,Illapel,CL,-31.6308,-71.1653,62.87,66,0,4.29,clear sky
351,Orapa,BW,-21.2833,25.3667,67.77,76,87,10.04,overcast clouds
352,Kieta,PG,-6.2167,155.6333,84.63,72,70,7.29,light rain
353,Yambio,SS,4.5721,28.3955,78.42,51,100,3.94,overcast clouds
354,Kapit,MY,2.0167,112.9333,75.29,94,99,0.25,overcast clouds
355,Cozumel,MX,20.5083,-86.9458,77.0,73,40,5.75,scattered clouds
356,Half Moon Bay,US,37.4636,-122.4286,57.0,76,1,23.02,haze
357,Ajdabiya,LY,30.7554,20.2263,50.59,59,67,5.57,broken clouds
358,Yining,CN,29.0361,114.5636,47.73,71,0,0.94,clear sky
359,Sharya,RU,58.3686,45.5144,-1.37,93,100,4.97,overcast clouds
360,Isangel,VU,-19.55,169.2667,86.0,79,75,3.44,moderate rain
361,Hagi,JP,34.4,131.4167,30.2,93,90,17.27,snow
362,Caravelas,BR,-17.7125,-39.2481,78.71,80,98,9.28,overcast clouds
363,Marivan,IR,35.5219,46.176,48.56,70,100,15.5,overcast clouds
364,Pacifica,US,37.6138,-122.4869,55.99,67,75,23.02,broken clouds
365,Ivanivka,UA,46.7208,34.553,15.03,93,11,7.25,few clouds
366,Lejanias,CO,3.5251,-74.0216,73.0,74,100,5.12,overcast clouds
367,Dongsheng,CN,39.8161,109.9776,20.44,81,0,7.7,clear sky
368,Walvis Bay,NA,-22.9575,14.5053,64.0,89,0,3.0,clear sky
369,Pilar,BR,-9.5972,-35.9567,78.8,89,0,9.22,clear sky
370,Tomatlan,MX,19.9333,-105.25,72.54,57,0,9.57,clear sky
371,Aguilas,ES,37.4063,-1.5829,51.01,52,67,3.0,broken clouds
372,Bambous Virieux,MU,-20.3428,57.7575,78.01,94,20,3.44,few clouds
373,Liverpool,GB,53.4106,-2.9779,46.4,81,13,12.66,few clouds
374,Shingu,JP,33.7333,135.9833,41.0,70,75,20.71,broken clouds
375,Mayor Pablo Lagerenza,PY,-19.9309,-60.7718,75.7,91,94,4.9,overcast clouds
376,Port Lincoln,AU,-34.7333,135.8667,81.72,37,0,10.36,clear sky
377,Russellville,US,35.2784,-93.1338,19.99,53,20,5.75,few clouds
378,Tautira,PF,-17.7333,-149.15,86.0,66,40,5.75,scattered clouds
379,Mantua,IT,45.1667,10.7833,41.0,70,98,3.0,overcast clouds
380,Esterhazy,CA,50.65,-102.0843,-0.4,55,26,11.5,scattered clouds
381,Tommot,RU,58.9564,126.2925,-26.27,81,6,1.77,clear sky
382,Hunterville,NZ,-39.9333,175.5667,64.0,56,46,11.99,scattered clouds
383,Bloomsburg,US,41.0037,-76.4549,33.01,67,90,3.0,overcast clouds
384,Quesnel,CA,52.9999,-122.5029,30.2,93,90,1.72,snow
385,Yuanping,CN,38.7153,112.7575,23.63,74,0,4.83,clear sky
386,Kasulu,TZ,-4.5767,30.1025,64.04,87,100,1.45,overcast clouds
387,Corpus Christi,US,27.8006,-97.3964,35.6,80,90,16.11,light intensity drizzle
388,Port Pirie,AU,-33.1833,138.0167,80.6,47,59,5.75,broken clouds
389,Dom Pedrito,BR,-30.9828,-54.6731,66.61,63,0,5.82,clear sky
390,Avera,US,33.194,-82.5271,41.0,60,1,6.91,clear sky
391,Sindor,RU,62.8629,51.8905,-20.96,87,100,3.29,overcast clouds
392,Wageningen,NL,51.9667,5.6667,46.99,100,75,11.5,mist
393,Kamina,CD,-8.7386,24.9906,65.05,93,100,4.68,overcast clouds
394,Ginda,IN,30.6945,78.4932,41.7,49,0,7.49,clear sky
395,Kwinana,AU,-32.25,115.7667,71.01,94,90,5.75,overcast clouds
396,Salalah,OM,17.0151,54.0924,69.8,73,0,3.44,clear sky
397,Road Town,VG,18.4167,-64.6167,78.8,69,20,16.11,few clouds
398,Cururupu,BR,-1.8283,-44.8683,73.58,97,98,2.19,overcast clouds
399,Gold Coast,AU,-28.0,153.4333,75.99,94,75,10.36,light rain
400,Santa Maria Del Oro,MX,25.9333,-105.3667,66.02,26,24,27.74,few clouds
401,Zhezkazgan,KZ,47.8043,67.7144,25.12,98,100,6.93,overcast clouds
402,Wenshang,CN,35.7275,116.4961,26.67,62,0,6.2,clear sky
403,Lumeje,AO,-11.55,20.7833,72.64,53,98,5.08,overcast clouds
404,Fukue,JP,32.6881,128.8419,35.6,69,75,18.41,broken clouds
405,Shitanjing,CN,39.2342,106.3439,27.9,74,0,5.77,clear sky
406,Freetown,SL,8.484,-13.2299,82.4,69,75,8.05,haze
407,Manadhoo,MV,5.7667,73.3833,81.23,71,93,10.04,overcast clouds
408,Vila Velha,BR,-20.3297,-40.2925,77.0,94,75,3.44,broken clouds
409,Uyuni,BO,-20.4597,-66.825,56.25,33,0,13.71,clear sky
410,Manono,CD,-7.3,27.4167,71.53,91,100,1.21,overcast clouds
411,Chipinge,ZW,-20.1883,32.6236,57.04,100,100,7.61,moderate rain
412,Mpika,ZM,-11.8343,31.4529,62.74,92,100,6.11,overcast clouds
413,Pagudpud,PH,18.5616,120.7868,69.8,94,20,2.3,few clouds
414,Altay,CN,47.8667,88.1167,19.04,73,16,2.51,few clouds
415,Melbu,NO,68.5044,14.8297,24.01,72,0,3.0,clear sky
416,Rundu,NA,-17.9333,19.7667,65.23,59,16,4.18,few clouds
417,Zanjan,IR,36.6736,48.4787,47.5,52,50,20.13,scattered clouds
418,Kayerkan,RU,69.3497,87.7602,-18.17,86,99,2.71,overcast clouds
419,Lasa,IT,46.6166,10.7002,26.6,86,40,2.3,scattered clouds
420,Nuevo Progreso,MX,23.1667,-97.95,54.0,54,25,4.0,scattered clouds
421,Mahibadhoo,MV,3.7833,72.9667,80.56,78,94,11.56,overcast clouds
422,Ixtapa,MX,20.7,-105.2,72.0,68,90,8.05,overcast clouds
423,Isabela,PH,6.7085,121.9711,78.8,89,40,2.3,scattered clouds
424,Changji,CN,44.0167,87.3167,14.0,92,90,4.47,light snow
425,Ballina,AU,-28.8667,153.5667,75.2,69,40,18.41,light rain
426,Teahupoo,PF,-17.8333,-149.2667,86.0,66,40,5.75,scattered clouds
427,San Juan,AR,-31.5375,-68.5364,81.28,34,10,8.63,clear sky
428,Harsin,IR,34.2721,47.5861,59.0,31,40,18.41,scattered clouds
429,Nova Olimpia,BR,-14.7972,-57.2881,74.05,90,94,2.57,moderate rain
430,Tura,IN,25.5198,90.2201,60.42,38,3,2.01,clear sky
431,Namibe,AO,-15.1961,12.1522,73.63,74,3,4.79,clear sky
432,Gaozhou,CN,21.9392,110.8461,63.54,73,7,5.84,clear sky
433,Lobito,AO,-12.3481,13.5456,77.05,79,27,4.63,scattered clouds
434,Andrews,US,32.3187,-102.5457,28.4,93,75,10.36,broken clouds
435,Dingle,PH,10.9995,122.6711,77.4,83,82,10.13,light rain
436,Yantal,RU,56.8471,105.2542,14.92,94,100,6.31,overcast clouds
437,Voh,NC,-20.9667,164.7,87.19,65,6,5.23,clear sky
438,Moirang,IN,24.5,93.7667,45.45,65,0,0.74,clear sky
439,Minab,IR,27.1467,57.0801,57.2,82,0,6.91,mist
440,Mogadishu,SO,2.0371,45.3438,76.08,85,70,15.05,broken clouds
441,Port-Gentil,GA,-0.7193,8.7815,80.6,89,20,5.75,few clouds
442,Dombarovskiy,RU,50.7587,59.5386,0.79,91,100,5.03,overcast clouds
443,Cap Malheureux,MU,-19.9842,57.6142,78.01,88,97,1.99,overcast clouds
444,Nicolas De Pierola,PE,-11.95,-76.7,77.0,61,0,10.36,clear sky
445,Krasnoselkup,RU,65.7,82.4667,-20.69,87,100,13.65,overcast clouds
446,Kalakamati,BW,-20.5929,27.3121,62.55,83,100,13.87,overcast clouds
447,Borgarnes,IS,64.5383,-21.9206,39.99,75,100,8.99,light rain
448,Abu Kamal,SY,34.4506,40.9171,58.77,51,51,17.11,broken clouds
449,Breves,BR,-1.6822,-50.4803,73.87,96,87,3.96,overcast clouds
450,Sesimbra,PT,38.4445,-9.1015,57.0,94,40,2.3,scattered clouds
451,Ulaanbaatar,MN,47.9077,106.8832,-11.2,77,0,4.47,clear sky
452,Kaili,ID,-3.4626,120.2147,73.09,79,100,0.34,overcast clouds
453,Robertson,US,36.5167,-86.8667,18.0,85,90,6.91,overcast clouds
454,Westport,US,41.1415,-73.3579,46.4,57,40,12.66,scattered clouds
455,Valle Hermoso,MX,25.6667,-97.8333,42.8,93,90,6.91,mist
456,Sungairaya,ID,0.7,108.9,75.67,82,37,6.15,scattered clouds
457,Bandundu,CD,-3.3167,17.3667,73.53,86,100,2.57,overcast clouds
458,Ponta Delgada,PT,37.7333,-25.6667,57.99,72,20,11.5,few clouds
459,Yagodnoye,RU,62.55,149.6667,-9.0,87,100,3.51,overcast clouds
460,Miragoane,HT,18.4423,-73.0876,78.82,72,10,4.85,clear sky
461,Okha,RU,53.5739,142.9478,17.71,95,100,28.19,overcast clouds
462,Puerto Baquerizo Moreno,EC,-0.9,-89.6,82.4,83,75,10.36,broken clouds
463,Molteno,ZA,-31.3968,26.3625,46.47,86,30,6.82,scattered clouds
464,Tibagi,BR,-24.5094,-50.4136,65.19,90,32,2.01,scattered clouds
465,Iracoubo,GF,5.4802,-53.2011,76.1,76,59,11.21,broken clouds
466,Karatau,KZ,43.1667,70.4667,39.25,69,25,3.15,scattered clouds
467,Bafoulabe,ML,13.8065,-10.8321,81.23,15,25,5.03,scattered clouds
468,Moreira Sales,BR,-24.0622,-53.0069,71.31,77,0,4.07,clear sky
469,Zonguldak,TR,41.25,31.8333,19.6,99,96,1.25,light snow
470,Yumen,CN,40.2833,97.2,31.17,75,0,10.51,clear sky
471,Kuah,MY,6.3265,99.8432,77.0,73,20,2.3,few clouds
472,Yantongshan,CN,43.2919,126.0094,-1.97,90,100,13.65,light snow
473,George,ZA,-33.963,22.4617,57.2,94,0,4.61,clear sky
474,Slave Lake,CA,55.2834,-114.769,6.8,78,90,8.05,overcast clouds
475,Bam,IR,29.106,58.357,53.92,32,0,4.14,clear sky
476,Broome,US,42.2506,-75.833,26.01,86,90,14.97,snow
477,Rochegda,RU,62.8,43.25,-11.52,89,98,4.25,overcast clouds
478,Yarada,IN,17.65,83.2667,69.8,94,0,2.3,mist
479,Clyde,US,41.3042,-82.9752,15.01,82,99,6.78,overcast clouds
480,Victoria,HK,22.2855,114.1577,66.99,66,1,1.01,clear sky
481,Gilgit,PK,35.9221,74.3087,30.31,54,0,3.69,clear sky
482,Berezovka,BY,53.7214,25.4993,11.88,95,98,5.48,overcast clouds
483,Havre-Saint-Pierre,CA,50.2334,-63.5986,12.2,62,90,5.75,light snow
484,Sechura,PE,-5.5569,-80.8222,79.86,60,18,17.52,few clouds
485,Sar-E Pul,AF,35.8333,66.1667,42.75,39,0,7.27,clear sky
486,Yuzhno-Sukhokumsk,RU,44.6581,45.6436,20.98,95,100,11.41,overcast clouds
487,Kalispell,US,48.1958,-114.3129,24.01,79,90,2.75,overcast clouds
488,Casper,US,42.8666,-106.3131,30.2,64,90,9.22,overcast clouds
489,Ak-Dovurak,RU,51.1833,90.6,5.77,87,87,1.16,overcast clouds
490,Beech Grove,US,39.722,-86.09,17.6,62,1,4.61,clear sky
491,Saint-Georges,GD,12.0564,-61.7485,78.8,73,20,11.5,few clouds
492,Groa,NO,62.65,8.7167,41.0,52,75,6.91,light rain
493,San Policarpo,PH,12.1791,125.5072,78.85,86,100,11.43,overcast clouds
494,Hobyo,SO,5.3505,48.5268,76.75,81,17,14.47,few clouds
495,Itaituba,BR,-4.2761,-55.9836,77.0,94,75,4.61,broken clouds
496,Puri,IN,19.8,85.85,71.6,88,40,5.97,mist
497,Esperance,AU,-33.8667,121.9,80.6,44,51,11.5,broken clouds
498,Kaitangata,NZ,-46.2817,169.8464,59.0,61,11,8.01,few clouds
499,Labuhan,ID,-6.8844,112.2051,79.61,84,100,8.25,overcast clouds
500,Hirado,JP,33.3597,129.5531,37.4,65,75,27.63,broken clouds
501,Bahia Blanca,AR,-38.7196,-62.2724,67.28,39,0,10.38,clear sky
502,Vuktyl,RU,63.8567,57.3094,-29.13,85,100,3.71,overcast clouds
503,Nelson Bay,AU,-32.7167,152.15,73.4,64,75,14.97,broken clouds
504,Tandil,AR,-37.3217,-59.1332,64.0,81,60,5.01,broken clouds
505,Novi Ligure,IT,44.7608,8.7896,41.0,92,98,2.1,overcast clouds
506,Goedereede,NL,51.8175,3.9806,45.0,94,54,4.0,broken clouds
507,Thunder Bay,CA,48.4001,-89.3168,12.2,34,1,9.22,clear sky
508,Balakhninskiy,RU,58.0106,114.2769,-17.43,81,99,2.62,overcast clouds
509,Banda Aceh,ID,5.5577,95.3222,77.58,81,53,10.67,broken clouds
510,Anori,BR,-3.7728,-61.6442,77.22,87,49,2.53,scattered clouds
511,Damara,CF,4.9608,18.7035,74.07,23,55,3.8,broken clouds
512,Ust-Barguzin,RU,53.45,108.9833,-4.47,90,100,5.55,overcast clouds
513,Kijang,KR,35.2442,129.2139,24.8,33,20,11.5,few clouds
514,Wuxue,CN,29.8506,115.5525,49.39,64,0,1.88,clear sky
515,Fortuna,US,40.5982,-124.1573,54.0,81,20,13.8,few clouds
516,Jiayuguan,CN,39.8167,98.3,29.25,75,0,4.09,clear sky
517,Brae,GB,60.3964,-1.353,44.6,81,74,20.71,broken clouds
518,Djenne,ML,13.9061,-4.5533,83.28,14,40,7.65,scattered clouds
519,Sirjan,IR,29.452,55.6814,48.78,40,0,6.67,clear sky
520,Nyuksenitsa,RU,60.4128,44.2397,-5.89,91,96,1.25,overcast clouds
521,Marsh Harbour,BS,26.5412,-77.0636,76.3,85,87,12.06,overcast clouds
522,Kupang,ID,-10.1667,123.5833,77.0,100,75,7.76,broken clouds
523,Aktau,KZ,43.65,51.2,30.2,93,90,8.95,overcast clouds
524,Jinxiang,CN,27.4327,120.6062,51.03,78,58,13.0,broken clouds
525,Talara,PE,-4.5772,-81.2719,74.73,82,23,13.49,few clouds
526,Lufilufi,WS,-13.8745,-171.5986,91.4,70,40,10.36,scattered clouds
527,Mecca,SA,21.4267,39.8261,73.45,73,0,8.05,clear sky
528,Shenjiamen,CN,29.9576,122.298,43.3,66,0,14.18,clear sky
529,Ambon,ID,-3.6954,128.1814,82.4,78,20,4.61,few clouds
530,Touros,BR,-5.1989,-35.4608,80.6,78,20,6.91,few clouds
531,Rovaniemi,FI,66.5,25.7167,-4.0,77,0,1.14,clear sky
532,Vila,PT,42.0304,-8.1588,44.01,93,100,1.01,overcast clouds
533,Sao Filipe,CV,14.8961,-24.4956,71.62,73,84,6.08,broken clouds
534,Letterkenny,IE,54.95,-7.7333,42.06,86,36,14.41,moderate rain
535,Yamethin,MM,20.4333,96.15,63.57,43,0,3.27,clear sky
536,Cap-Aux-Meules,CA,47.3821,-61.8597,28.4,93,100,20.71,overcast clouds
537,Ejutla De Crespo,MX,16.5667,-96.7333,82.4,2,40,21.85,scattered clouds
538,Marzuq,YE,14.4,46.4667,59.92,44,31,3.0,scattered clouds
539,Rapid Valley,US,44.0625,-103.1463,7.0,72,90,3.44,light snow
540,Hirara,JP,24.8,125.2833,62.6,88,75,23.02,broken clouds
541,Ulma,DE,48.3984,9.9916,41.0,76,71,3.0,broken clouds
542,Hargeysa,SO,9.56,44.065,59.59,79,4,1.52,clear sky
543,Belyy Yar,RU,53.6039,91.3903,6.8,92,100,4.47,smoke
544,Ardakan,IR,32.31,54.0175,48.2,18,0,6.91,clear sky
545,Aiyira,GR,38.15,22.35,39.99,49,0,1.99,clear sky
546,Gremyachinsk,RU,58.5603,57.851,-11.25,91,100,6.02,overcast clouds
547,Kahului,US,20.8947,-156.47,82.4,57,40,6.91,scattered clouds
548,Cravo Norte,CO,6.3017,-70.2041,87.24,41,83,7.61,broken clouds
549,Sayyan,YE,15.1718,44.3244,54.68,39,41,2.77,scattered clouds
550,Severobaykalsk,RU,55.65,109.3167,-5.31,90,100,3.76,light snow
551,Nizwa,OM,22.9333,57.5333,56.75,72,3,0.51,clear sky
552,Talnakh,RU,69.4865,88.3972,-16.11,81,94,3.58,overcast clouds
553,Boa Esperanca,BR,-21.09,-45.5658,68.47,87,2,0.72,clear sky
554,Kathu,TH,7.9178,98.3332,75.2,83,20,6.91,few clouds
555,Mitsamiouli,KM,-11.3847,43.2844,81.46,80,83,14.2,broken clouds
556,Sovetskiy,RU,61.3614,63.5842,-15.12,89,84,3.58,broken clouds
557,Quelimane,MZ,-17.8786,36.8883,77.0,94,75,8.05,light rain
558,Sidi Ali,DZ,36.0998,0.4206,51.15,73,67,0.85,broken clouds
559,Nabire,ID,-3.3667,135.4833,77.61,81,100,3.42,overcast clouds
560,Darnah,LY,32.767,22.6367,50.49,62,62,24.09,broken clouds
561,Suntar,RU,62.1444,117.6319,-24.95,84,76,5.59,broken clouds
562,Lensk,RU,60.7253,114.9278,-21.17,80,46,3.65,scattered clouds
563,Emirdag,TR,39.0197,31.15,13.48,95,99,10.4,overcast clouds
564,Muisne,EC,0.6,-80.0333,77.7,84,96,6.33,light rain
565,Jaguariaiva,BR,-24.2511,-49.7058,64.92,89,27,4.43,scattered clouds
566,Vardo,NO,70.3705,31.1107,15.8,73,100,19.57,snow
567,Picos,BR,-7.0769,-41.4669,73.29,93,100,4.05,overcast clouds
568,Adrar,MR,20.5022,-10.0711,69.03,23,98,9.26,overcast clouds
569,Taganak,PH,6.0833,118.3,77.0,94,40,4.61,scattered clouds
570,Wawa,NG,9.9022,4.4192,78.13,18,16,2.17,few clouds
571,Willmar,US,45.1219,-95.0433,5.0,56,1,4.61,clear sky
572,Mahenge,TZ,-8.6833,36.7167,65.98,100,100,3.85,overcast clouds
573,Sabi,GM,13.2333,-14.2,82.26,15,95,2.19,overcast clouds
574,Esso,RU,55.9333,158.7,9.77,90,99,8.5,overcast clouds
575,Srednekolymsk,RU,67.45,153.6833,-16.01,88,99,3.91,overcast clouds
576,Pervomayskoye,RU,43.919,46.7102,24.58,97,99,8.86,overcast clouds
577,Najran,SA,17.4924,44.1277,60.8,36,0,1.77,clear sky
578,Fairlie,GB,55.756,-4.8556,44.01,85,0,12.01,clear sky
579,Lithakia,GR,37.7167,20.8333,32.0,55,0,2.3,clear sky
580,Coihaique,CL,-45.5752,-72.0662,59.0,51,75,5.75,broken clouds
581,Roswell,US,34.0232,-84.3616,28.4,68,1,13.8,clear sky
582,Necochea,AR,-38.5473,-58.7368,63.0,91,100,3.0,moderate rain
583,Dubai,AE,25.2582,55.3047,68.0,88,0,4.61,haze
584,Pakokku,MM,21.3333,95.1,65.1,43,0,0.65,clear sky
585,Ancud,CL,-41.8697,-73.8203,60.01,63,90,4.61,overcast clouds
586,Pangai,TO,-19.8,-174.35,84.2,74,20,5.75,few clouds
587,Chippewa Falls,US,44.9369,-91.3929,10.4,56,1,4.61,clear sky
588,Ngong,KE,-1.3618,36.6566,66.2,72,0,8.05,clear sky
589,Asau,RO,46.4333,26.4,17.01,64,3,4.83,clear sky
590,Fort Saint James,CA,54.4333,-124.25,27.41,95,91,4.16,overcast clouds
591,Costa Rica,BR,-23.4167,-54.65,76.05,69,59,3.58,broken clouds
592,Boali,CF,4.8005,18.1275,74.77,21,64,2.62,broken clouds
593,Sassandra,CI,4.95,-6.0833,78.28,89,99,4.88,light rain
594,Shaikhpura,IN,25.15,85.85,61.65,48,49,3.36,scattered clouds
595,Port Hardy,CA,50.6996,-127.4199,42.8,70,75,13.8,broken clouds
596,Vostok,RU,46.4856,135.8833,11.03,96,100,8.63,snow
597,Leh,IN,34.1667,77.5833,3.36,57,0,2.53,clear sky
598,Balad,IQ,34.0164,44.1453,69.49,36,100,21.18,overcast clouds
599,Sola,VU,-13.8833,167.55,82.45,81,28,10.31,scattered clouds
600,Le Port,RE,-20.9373,55.2919,80.6,57,90,5.75,light rain
601,Luanda,AO,-8.8368,13.2343,80.6,78,40,6.91,scattered clouds
602,Xuchang,CN,34.0167,113.8167,30.2,55,0,4.47,clear sky
603,Chingirlau,KZ,51.095,54.0814,-5.42,88,100,9.06,overcast clouds
604,Chara,RU,56.9064,118.2631,-22.65,70,24,0.49,few clouds
605,Cangzhou,CN,38.3167,116.8667,17.89,57,0,7.67,clear sky
606,Sarzedo,BR,-20.0353,-44.1447,78.8,69,40,1.68,scattered clouds
607,Boyolangu,ID,-8.1181,111.8935,78.37,80,94,1.81,overcast clouds
608,Saint-Augustin,CA,51.226,-58.6502,8.6,91,100,5.14,overcast clouds
609,Balikpapan,ID,-1.2675,116.8289,78.8,94,40,2.3,scattered clouds
610,Shubarkuduk,KZ,49.1447,56.4872,8.6,95,100,14.74,overcast clouds
611,Sajalices,PA,8.6834,-79.8707,84.2,70,20,11.5,few clouds
612,Puerto Madryn,AR,-42.7692,-65.0385,72.61,40,0,21.03,clear sky
613,Gull Lake,CA,50.1001,-108.4847,5.0,72,1,9.22,clear sky
614,Nikolayevsk-Na-Amure,RU,53.1406,140.73,7.18,91,100,15.1,light snow
615,Torbay,CA,47.6666,-52.7314,26.01,93,90,4.61,light snow
616,Salmo,CA,49.1999,-117.2689,32.0,64,100,11.5,overcast clouds
617,Meulaboh,ID,4.1363,96.1285,76.51,79,43,5.46,scattered clouds
618,Platanos,GR,37.6667,21.6167,32.0,55,0,2.3,clear sky
619,Comodoro Rivadavia,AR,-45.8667,-67.5,73.4,46,0,10.36,clear sky
620,Mweka,CD,-4.85,21.5667,70.21,93,100,1.54,overcast clouds
621,Aswan,EG,24.0934,32.907,52.93,40,100,14.54,overcast clouds
622,Porto Novo,BJ,6.4965,2.6036,84.2,89,40,11.5,scattered clouds
623,Mnogovershinnyy,RU,53.9353,139.9242,-0.53,93,100,14.61,overcast clouds
624,Dunkirk,FR,51.05,2.3667,48.0,94,77,1.99,broken clouds
625,Poum,NC,-20.2333,164.0167,81.54,78,9,5.37,clear sky
626,Santa Cruz,BO,-17.8,-63.1667,78.8,73,75,4.61,broken clouds
627,Dezful,IR,32.3811,48.4058,66.94,32,93,8.19,overcast clouds
628,Zavoronezhskoye,RU,52.8801,40.5526,-6.59,91,50,8.52,scattered clouds
629,Ayan,RU,56.45,138.1667,-8.27,79,100,14.07,overcast clouds
630,Moyobamba,PE,-6.05,-76.9667,71.92,87,97,1.39,overcast clouds
631,Quatre Cocos,MU,-20.2078,57.7625,78.01,94,20,3.44,few clouds
632,Vestmanna,FO,62.1564,-7.1664,44.6,93,75,17.27,broken clouds
633,Sao Lourenco Do Sul,BR,-31.3653,-51.9783,72.0,73,1,7.81,clear sky
634,Axim,GH,4.8699,-2.2405,80.1,85,100,6.2,overcast clouds
635,Kurilsk,RU,45.2333,147.8833,23.72,86,100,15.59,light snow
636,Novyy Urengoy,RU,66.0833,76.6333,-21.1,87,100,9.01,overcast clouds
637,Port Augusta,AU,-32.5,137.7667,88.0,47,53,5.75,broken clouds
638,Port Hedland,AU,-20.3167,118.5667,82.4,83,87,8.05,overcast clouds
639,Spornoye,RU,50.8448,37.2913,1.4,85,0,4.47,clear sky
640,Areosa,PT,41.7178,-8.8571,53.01,100,40,3.44,fog
641,Ladario,BR,-19.0047,-57.6017,75.2,100,90,2.15,moderate rain
642,San Bernardo,CL,-33.6,-70.7167,71.01,68,20,3.44,few clouds
643,Cooma,AU,-36.2333,149.1333,59.0,77,90,12.66,overcast clouds
644,Cerignola,IT,41.264,15.9005,35.6,69,0,2.3,clear sky
645,Ratnagiri,IN,16.9833,73.3,70.75,84,1,8.08,clear sky
646,Rocha,UY,-34.4833,-54.3333,65.44,94,83,5.1,broken clouds
647,Itarema,BR,-2.9248,-39.9167,74.5,93,100,3.62,light rain
648,Nova Varos,RS,43.4606,19.8114,26.6,50,0,5.75,clear sky
649,Leningradskiy,RU,69.3833,178.4167,-17.14,87,84,4.25,broken clouds
650,Aykhal,RU,66.0,111.5,-24.84,83,90,8.75,overcast clouds
651,Palani,IN,10.4667,77.5333,72.34,79,51,2.73,broken clouds
652,Taksimo,RU,56.3444,114.8794,-20.38,81,97,0.87,overcast clouds
653,Gavle,SE,60.6745,17.1417,25.0,74,75,1.99,broken clouds
654,Santa Rosa,PH,14.3122,121.1114,78.01,78,20,1.14,few clouds
655,Sandakan,MY,5.8402,118.1179,77.0,94,40,4.61,scattered clouds
656,Tucurui,BR,-3.7661,-49.6725,74.05,95,97,3.44,overcast clouds
657,Boddam,GB,57.4667,-1.7833,39.99,93,64,3.44,broken clouds
658,Benalla,AU,-36.55,145.9833,73.4,56,86,5.75,overcast clouds
659,Rondonopolis,BR,-16.4708,-54.6356,73.58,92,97,0.67,moderate rain
660,Peruibe,BR,-24.32,-46.9983,75.79,88,21,4.97,few clouds
661,Doha,QA,25.2867,51.5333,66.2,88,0,4.61,clear sky
662,Pontianak,ID,-0.0333,109.3333,75.2,88,40,3.44,smoke
663,Caxias,PT,38.7031,-9.2767,57.99,100,20,3.44,few clouds
664,Brownwood,US,31.7093,-98.9912,23.0,68,90,19.77,overcast clouds
665,Kandalaksha,RU,67.162,32.4123,-6.32,90,71,1.14,broken clouds
666,Maceio,BR,-9.6658,-35.7353,78.8,89,0,9.22,clear sky
667,Vestmannaeyjar,IS,63.4427,-20.2734,40.77,77,100,15.12,overcast clouds
668,Elat,IL,29.5581,34.9482,55.4,47,40,4.61,scattered clouds
669,Urengoy,RU,65.9667,78.3667,-17.14,88,100,5.55,overcast clouds
670,Lannion,FR,48.75,-3.4167,50.0,87,75,14.97,broken clouds
671,Wagar,SD,16.1525,36.2032,74.84,21,0,10.74,clear sky
672,Miraflores,MX,19.2167,-98.8083,73.4,10,75,11.5,broken clouds
673,Shirokiy,RU,49.758,129.523,11.5,95,100,19.98,light snow
674,Plettenberg Bay,ZA,-34.0527,23.3716,62.55,75,0,7.34,clear sky
675,Sorong,ID,-0.8833,131.25,81.25,81,70,4.76,broken clouds
676,Medea,DZ,36.2642,2.7539,42.8,87,20,6.08,few clouds
677,Ikom,NG,5.9667,8.7063,72.84,89,17,2.62,few clouds
678,Evans,US,33.5337,-82.1307,44.6,49,1,5.75,clear sky
679,Araouane,ML,18.9048,-3.5265,78.12,15,66,10.92,broken clouds
